LS01A1,E,LS01
LS01D,F,LS01
LS02A1,E,LS02
LS02C1,T,LS02
LS02D,F,LS02
LS03A2,E,LS03
LS03D,F,LS03
LS04A,E,LS04
LS04C,T,LS04
LS04D,F,LS04
LS05A1,E,LS05
LS05C,T,LS05
LS05D,F,LS05
LS06A2,E,LS06
LS06C,T,LS06
LS06D,F,LS06
LS07A,E,LS07
LS07D,F,LS07
LS08A,E,LS08
LS08C,T,LS08
LS08D,F,LS08
LS09A,E,LS09
LS09C,T,LS09
LS09D,F,LS09
LS10A,E,LS10
LS10C,T,LS10
LS10D,F,LS10
LS11A1,E,LS11
LS11C,T,LS11
LS11D,F,LS11
LS12A1,E,LS12
LS12C,T,LS12
LS13A1,E,LS13
LS13D,F,LS13
LS14A1,E,LS14
LS14C,T,LS14
LS15A1,E,LS15
LS15C,T,LS15
LS15D,F,LS15
LS16B,E,LS16
LS16C,T,LS16
LS16D,F,LS16
LS17A,E,LS17
LS17C,T,LS17
LS17D,F,LS17
LS18A1,E,LS18
LS18C,T,LS18
LS18D,F,LS18
LS19A1,E,LS19
LS19C,T,LS19
LS19D,F,LS19
LS20A1,E,LS20
LS20D,F,LS20
LS21D,F,LS21
LS22A1,E,LS22
LS22C,T,LS22
LS22D,F,LS22
LS23A,E,LS23
LS23C,T,LS23
LS24B,E,LS24
LS24C,T,LS24
LS24D,F,LS24
LS25A1,E,LS25
LS25C,T,LS25
LS25D,F,LS25
LS26B,E,LS26
LS26C,T,LS26
LS26D,F,LS26
LS27A,E,LS27
LS27C,T,LS27
LS27D,F,LS27